{
    "0": {
        "data": "Ryunabi",
        "link": "f55b8448ec3415272bda9652657da63fcb0dbbe08d210d8a38925f1dea3c047f",
    },
    "1": {
        "data": "abc1",
        "link": "9cd4e3bb3af8e8207cb343e9cb2d0abf14b679ea5fca1c3465ff6a8fb18d83b8",
    },
    "2": {
        "data": "abc2",
        "link": "ff643b5de6b88c2bd5afde2c9bd047d25618e47446183edf40a5c1d34ec85da2",
    },
    "3": {
        "data": "abc3",
        "link": "4f69a5eba1724203c0d62ea1647313e690c5e1ca7b86fd9cd5cc5d04a3b3729c",
    },
    "4": {
        "data": "abc4",
        "link": "a39a0bd1bda3585f71ea6c1de4f2527834f9ccd74ddd06c7d27b97d7d8b82744",
    },
    "5": {
        "data": "abc5",
        "link": "de2a6ee70d2bf351f92690d0a7bab2e3a846936c3513d8d9f1de5f6d6fd3800b",
    },
    "6": {
        "data": "abc6",
        "link": "82461961aa8f218080d46f230c0bca0d35c88d29f4b1a64ff491d6ef7a8e0d8c",
    },
    "7": {
        "data": "abc7",
        "link": "434329a9c65ff849a30b79cc90410b37ec612c7085b8106a022c8db438f6829f",
    },
    "8": {
        "data": "abc8",
        "link": "4405d48d1293e029d79e64a35e48f931e97be503c6c85a6fbee9160f91ba0983",
    },
    "9": {
        "data": "abc9",
        "link": "4559d0df04f05d26cf2cad557a3610e28b56cb47039233d5f6b50ed635145b8d",
    },
}
