{
    "0": {
        "data": "Ryunabi",
        "link": "f55b8448ec3415272bda9652657da63fcb0dbbe08d210d8a38925f1dea3c047f",
        "nonce": "14",
    },
    "1": {
        "data": "abc1",
        "link": "655c9236c519814e288687a3e064afe7ae39057f9a31f267a3f76b8cac141849",
        "nonce": "38",
    },
    "2": {
        "data": "abc2",
        "link": "e10cc81bfc18e5a4fae8ca3db8f75b96064180b781991f9ca103cb2784169a9e",
        "nonce": "13",
    },
    "3": {
        "data": "abc3",
        "link": "adce2ff927a393edfef8232c2dc44c516935e78df9c557d2e40c01d68a695c45",
        "nonce": "21",
    },
    "4": {
        "data": "abc4",
        "link": "dfab531de14a871bb16f5136f308e39c207f824d1d4e6b7a255d14a3c0e45144",
        "nonce": "11",
    },
    "5": {
        "data": "abc5",
        "link": "dae9da0e787b4f6f6d0cf5fd038167f16537194a14d6cd959de2c715383c5060",
        "nonce": "4",
    },
    "6": {
        "data": "abc6",
        "link": "cf58cb4a4b965cb4bfcb2012d5c609e5ab3024d21790f3ac8c4ffd169cf1548c",
        "nonce": "32",
    },
    "7": {
        "data": "abc7",
        "link": "a317498d13067ca45cde33b3442ecb0ede57a278edd99609cd13d41081b93da7",
        "nonce": "3",
    },
    "8": {
        "data": "abc8",
        "link": "58a72c72e5576505a62cdb6770e02cd5939bea76e362f84d501610cee2d7d9e2",
        "nonce": "4",
    },
    "9": {
        "data": "abc9",
        "link": "05b54a6ee1db98964419cdc4edafff00b9d1a33086ca9e03f77047d8ef0e98d6",
        "nonce": "14",
    },
}
